{
  "Aceh": [
    "Aceh Barat",
    "Aceh Barat Daya",
    "Aceh Besar",
    "Aceh Jaya",
    "Aceh Selatan",
    "Aceh Singkil",
    "Aceh Tamiang",
    "Aceh Tengah",
    "Aceh Tenggara",
    "Aceh Timur",
    "Aceh Utara",
    "Bener Meriah",
    "Bireuen",
    "Gayo Lues",
    "Banda Aceh",
    "Langsa",
    "Lhokseumawe",
    "Sabang",
    "Subulussalam"
  ],
  "Sumatera Utara": [
    "Asahan",
    "Batubara",
    "Dairi",
    "Deli Serdang",
    "Humbang Hasundutan",
    "Karo",
    "Labuhanbatu",
    "Labuhanbatu Selatan",
    "Labuhanbatu Utara",
    "Mandailing Natal",
    "Nias",
    "Nias Barat",
    "Nias Selatan",
    "Nias Utara",
    "Padang Lawas",
    "Padang Lawas Utara",
    "Pakpak Bharat",
    "Samosir",
    "Serdang Bedagai",
    "Simalungun",
    "Tapanuli Selatan",
    "Tapanuli Tengah",
    "Tapanuli Utara",
    "Toba Samosir",
    "Binjai",
    "Gunungsitoli",
    "Medan",
    "Padangsidempuan",
    "Pematangsiantar",
    "Sibolga",
    "Tanjungbalai",
    "Tebingtinggi"
  ],
  "Sumatera Barat": [
    "Agam",
    "Dharmasraya",
    "Kepulauan Mentawai",
    "Lima Puluh Kota",
    "Padang Pariaman",
    "Pasaman",
    "Pasaman Barat",
    "Pesisir Selatan",
    "Sijunjung",
    "Solok",
    "Solok Selatan",
    "Bukittinggi",
    "Padang",
    "Padangpanjang",
    "Pariaman",
    "Payakumbuh",
    "Sawahlunto",
    "Solok"
  ],
  "Riau": [
    "Bengkalis",
    "Indragiri Hilir",
    "Indragiri Hulu",
    "Kampar",
    "Kepulauan Meranti",
    "Kuantan Singingi",
    "Pelalawan",
    "Rokan Hilir",
    "Rokan Hulu",
    "Siak",
    "Dumai",
    "Pekanbaru"
  ],
  "Jambi": [
    "Batanghari",
    "Bungo",
    "Kerinci",
    "Merangin",
    "Muaro Jambi",
    "Sarolangun",
    "Tanjung Jabung Barat",
    "Tanjung Jabung Timur",
    "Tebo",
    "Jambi",
    "Sungai Penuh"
  ],
  "Sumatera Selatan": [
    "Banyuasin",
    "Empat Lawang",
    "Lahat",
    "Muara Enim",
    "Musi Banyuasin",
    "Musi Rawas",
    "Musi Rawas Utara",
    "Ogan Ilir",
    "Ogan Komering Ilir",
    "Ogan Komering Ulu",
    "Ogan Komering Ulu Selatan",
    "Ogan Komering Ulu Timur",
    "Lubuklinggau",
    "Pagar Alam",
    "Palembang",
    "Prabumulih"
  ],
  "Bengkulu": [
    "Bengkulu Selatan",
    "Bengkulu Tengah",
    "Bengkulu Utara",
    "Kaur",
    "Kepahiang",
    "Lebong",
    "Muko Muko",
    "Rejang Lebong",
    "Seluma",
    "Bengkulu"
  ],
  "Lampung": [
    "Lampung Barat",
    "Lampung Selatan",
    "Lampung Tengah",
    "Lampung Timur",
    "Lampung Utara",
    "Mesuji",
    "Pesawaran",
    "Pesisir Barat",
    "Pringsewu",
    "Tanggamus",
    "Tulang Bawang",
    "Tulang Bawang Barat",
    "Way Kanan",
    "Bandar Lampung",
    "Metro"
  ],
  "Kepulauan Bangka Belitung": [
    "Bangka",
    "Bangka Barat",
    "Bangka Selatan",
    "Bangka Tengah",
    "Belitung",
    "Belitung Timur",
    "Pangkal Pinang"
  ],
  "Kepulauan Riau": [
    "Bintan",
    "Karimun",
    "Kepulauan Anambas",
    "Lingga",
    "Natuna",
    "Batam",
    "Tanjung Pinang"
  ],
  "DKI Jakarta": [
    "Kepulauan Seribu",
    "Jakarta Barat",
    "Jakarta Pusat",
    "Jakarta Selatan",
    "Jakarta Timur",
    "Jakarta Utara"
  ],
  "Jawa Barat": [
    "Bandung",
    "Bandung Barat",
    "Bekasi",
    "Bogor",
    "Ciamis",
    "Cianjur",
    "Cirebon",
    "Garut",
    "Indramayu",
    "Karawang",
    "Kuningan",
    "Majalengka",
    "Pangandaran",
    "Purwakarta",
    "Subang",
    "Sukabumi",
    "Sumedang",
    "Tasikmalaya",
    "Bandung",
    "Banjar",
    "Bekasi",
    "Bogor",
    "Cimahi",
    "Cirebon",
    "Depok",
    "Sukabumi",
    "Tasikmalaya"
  ],
  "Jawa Tengah": [
    "Banjarnegara",
    "Banyumas",
    "Batang",
    "Blora",
    "Boyolali",
    "Brebes",
    "Cilacap",
    "Demak",
    "Grobogan",
    "Jepara",
    "Karanganyar",
    "Kebumen",
    "Kendal",
    "Klaten",
    "Kudus",
    "Magelang",
    "Pati",
    "Pekalongan",
    "Pemalang",
    "Purbalingga",
    "Purworejo",
    "Rembang",
    "Semarang",
    "Sragen",
    "Sukoharjo",
    "Tegal",
    "Temanggung",
    "Wonogiri",
    "Wonosobo",
    "Magelang",
    "Pekalongan",
    "Salatiga",
    "Semarang",
    "Surakarta",
    "Tegal"
  ],
  "DI Yogyakarta": [
    "Bantul",
    "Gunung Kidul",
    "Kulon Progo",
    "Sleman",
    "Yogyakarta"
  ],
  "Jawa Timur": [
    "Bangkalan",
    "Banyuwangi",
    "Blitar",
    "Bojonegoro",
    "Bondowoso",
    "Gresik",
    "Jember",
    "Jombang",
    "Kediri",
    "Lamongan",
    "Lumajang",
    "Madiun",
    "Magetan",
    "Malang",
    "Mojokerto",
    "Nganjuk",
    "Ngawi",
    "Pacitan",
    "Pamekasan",
    "Pasuruan",
    "Ponorogo",
    "Probolinggo",
    "Sampang",
    "Sidoarjo",
    "Situbondo",
    "Sumenep",
    "Trenggalek",
    "Tuban",
    "Tulungagung",
    "Batu",
    "Blitar",
    "Kediri",
    "Madiun",
    "Malang",
    "Mojokerto",
    "Pasuruan",
    "Probolinggo",
    "Surabaya"
  ],
  "Banten": [
    "Lebak",
    "Pandeglang",
    "Serang",
    "Tangerang",
    "Cilegon",
    "Serang",
    "Tangerang",
    "Tangerang Selatan"
  ],
  "Bali": [
    "Badung",
    "Bangli",
    "Buleleng",
    "Gianyar",
    "Jembrana",
    "Karangasem",
    "Klungkung",
    "Tabanan",
    "Denpasar"
  ],
  "Nusa Tenggara Barat": [
    "Dompu",
    "Lombok Barat",
    "Lombok Tengah",
    "Lombok Timur",
    "Lombok Utara",
    "Sumbawa",
    "Sumbawa Barat",
    "Bima",
    "Mataram"
  ],
  "Nusa Tenggara Timur": [
    "Alor",
    "Belu",
    "Ende",
    "Flores Timur",
    "Kupang",
    "Malaka",
    "Manggarai",
    "Manggarai Barat",
    "Manggarai Timur",
    "Nagekeo",
    "Ngada",
    "Rote Ndao",
    "Sabu Raijua",
    "Sikka",
    "Sumba Barat",
    "Sumba Barat Daya",
    "Sumba Tengah",
    "Sumba Timur",
    "Timor Tengah Selatan",
    "Timor Tengah Utara",
    "Kupang"
  ],
  "Kalimantan Barat": [
    "Bengkayang",
    "Kapuas Hulu",
    "Kayong Utara",
    "Ketapang",
    "Kubu Raya",
    "Landak",
    "Melawi",
    "Mempawah",
    "Sambas",
    "Sanggau",
    "Sekadau",
    "Sintang",
    "Pontianak",
    "Singkawang"
  ],
  "Kalimantan Tengah": [
    "Barito Selatan",
    "Barito Timur",
    "Barito Utara",
    "Gunung Mas",
    "Kapuas",
    "Katingan",
    "Kotawaringin Barat",
    "Kotawaringin Timur",
    "Lamandau",
    "Murung Raya",
    "Pulang Pisau",
    "Sukamara",
    "Seruyan",
    "Palangkaraya"
  ],
  "Kalimantan Selatan": [
    "Balangan",
    "Banjar",
    "Barito Kuala",
    "Hulu Sungai Selatan",
    "Hulu Sungai Tengah",
    "Hulu Sungai Utara",
    "Kotabaru",
    "Tabalong",
    "Tanah Bumbu",
    "Tanah Laut",
    "Tapin",
    "Banjarbaru",
    "Banjarmasin"
  ],
  "Kalimantan Timur": [
    "Berau",
    "Kutai Barat",
    "Kutai Kartanegara",
    "Kutai Timur",
    "Mahakam Ulu",
    "Paser",
    "Penajam Paser Utara",
    "Balikpapan",
    "Bontang",
    "Samarinda"
  ],
  "Kalimantan Utara": [
    "Bulungan",
    "Malinau",
    "Nunukan",
    "Tana Tidung",
    "Tarakan"
  ],
  "Sulawesi Utara": [
    "Bolaang Mongondow",
    "Bolaang Mongondow Selatan",
    "Bolaang Mongondow Timur",
    "Bolaang Mongondow Utara",
    "Kepulauan Sangihe",
    "Kepulauan Siau Tagulandang Biaro",
    "Kepulauan Talaud",
    "Minahasa",
    "Minahasa Selatan",
    "Minahasa Tenggara",
    "Minahasa Utara",
    "Bitung",
    "Kotamobagu",
    "Manado",
    "Tomohon"
  ],
  "Sulawesi Tengah": [
    "Banggai",
    "Banggai Kepulauan",
    "Banggai Laut",
    "Buol",
    "Donggala",
    "Morowali",
    "Morowali Utara",
    "Parigi Moutong",
    "Poso",
    "Sigi",
    "Tojo Una-Una",
    "Tolitoli",
    "Palu"
  ],
  "Sulawesi Selatan": [
    "Luwu",
    "Luwu Timur",
    "Luwu Utara",
    "Maros",
    "Pangkajene Dan Kepulauan",
    "Pinrang",
    "Sidenreng Rappang",
    "Sinjai",
    "Soppeng",
    "Takalar",
    "Tana Toraja",
    "Toraja Utara",
    "Wajo",
    "Makassar",
    "Palopo",
    "Parepare"
  ],
  "Sulawesi Tenggara": [
    "Bombana",
    "Buton",
    "Buton Selatan",
    "Buton Tengah",
    "Buton Utara",
    "Kolaka",
    "Kolaka Timur",
    "Kolaka Utara",
    "Konawe",
    "Konawe Kepulauan",
    "Konawe Selatan",
    "Konawe Utara",
    "Muna",
    "Muna Barat",
    "Wakatobi",
    "Baubau",
    "Kendari"
  ],
  "Gorontalo": [
    "Boalemo",
    "Bone Bolango",
    "Gorontalo",
    "Gorontalo Utara",
    "Pohuwato",
    "Gorontalo"
  ],
  "Sulawesi Barat": [
    "Majene",
    "Mamasa",
    "Mamuju",
    "Mamuju Tengah",
    "Pasangkayu",
    "Polewali Mandar"
  ],
  "Maluku": [
    "Buru",
    "Buru Selatan",
    "Kepulauan Aru",
    "Maluku Barat Daya",
    "Maluku Tengah",
    "Maluku Tenggara",
    "Kepulauan Tanimbar",
    "Ambon",
    "Tual"
  ],
  "Maluku Utara": [
    "Halmahera Barat",
    "Halmahera Tengah",
    "Halmahera Utara",
    "Halmahera Selatan",
    "Kepulauan Sula",
    "Halmahera Timur",
    "Pulau Morotai",
    "Pulau Taliabu",
    "Ternate",
    "Tidore Kepulauan"
  ],
  "Papua": [
    "Asmat",
    "Biak Numfor",
    "Boven Digoel",
    "Deiyai",
    "Dogiyai",
    "Intan Jaya",
    "Jayapura",
    "Jayawijaya",
    "Keerom",
    "Kepulauan Yapen",
    "Lanny Jaya",
    "Mamberamo Raya",
    "Mamberamo Tengah",
    "Mappi",
    "Merauke",
    "Mimika",
    "Nabire",
    "Nduga",
    "Paniai",
    "Pegunungan Bintang",
    "Puncak",
    "Puncak Jaya",
    "Sarmi",
    "Supiori",
    "Tolikara",
    "Waropen",
    "Yahukimo",
    "Yalimo",
    "Jayapura"
  ],
  "Papua Barat": [
    "Fakfak",
    "Kaimana",
    "Manokwari",
    "Manokwari Selatan",
    "Maybrat",
    "Pegunungan Arfak",
    "Raja Ampat",
    "Sorong",
    "Sorong Selatan",
    "Tambrauw",
    "Teluk Bintuni",
    "Teluk Wondama",
    "Sorong"
  ],
  "Papua Tengah": [
    "Nabire",
    "Puncak Jaya"
  ],
  "Papua Pegunungan": [
    "Jayawijaya",
    "Lanny Jaya",
    "Mamberamo Tengah",
    "Mamberamo Raya",
    "Mappi",
    "Pegunungan Bintang",
    "Puncak",
    "Tolikara",
    "Yahukimo",
    "Yalimo"
  ],
  "Papua Selatan": [
    "Merauke",
    "Mimika",
    "Asmat",
    "Boven Digoel"
  ],
  "West Papua": [
    "Sorong"
  ]
}